state,pop
Montana,1041732.0
Oklahoma,3918137.0
Kentucky,4440204.0
Alabama,4864680.0
Washington,7294336.0
Utah,2203366.0
Vermont,624977.0
Missouri,6090062.0
Alaska,736384.0
Texas,27885195.0
Kansas,2908776.0
Wisconsin,5778394.0
Louisiana,4663616.0
North Carolina,10155624.0
Maryland,6003435.0
New Jersey,8881845.0
Indiana,6637426.0
New Hampshire,1343622.0
Rhode Island,1056611.0
Puerto Rico,3386941.0
West Virginia,1829054.0
Ohio,11641879.0
North Dakota,752201.0
